{
  "name": "Arts",
  "overview": "The expression or application of human creative skill and imagination, typically in a visual form such as painting or sculpture, producing works to be appreciated primarily for their beauty or emotional power.",
  "version": "1.0",
  "lastUpdated": "2023-08-15",
  "topics": {
    "visual_arts": {
      "definition": "Art forms that create works that are primarily visual in nature, such as painting, drawing, sculpture, printmaking, photography, and filmmaking.",
      "major_mediums": [
        "Painting",
        "Drawing",
        "Sculpture",
        "Printmaking",
        "Photography",
        "Film",
        "Digital art",
        "Installation art"
      ],
      "historical_movements": [
        "Classical (Ancient Greece and Rome)",
        "Renaissance (14th-17th centuries)",
        "Baroque (17th-18th centuries)",
        "Neoclassicism (18th-19th centuries)",
        "Romanticism (late 18th-19th centuries)",
        "Impressionism (late 19th century)",
        "Modernism (late 19th-20th centuries)",
        "Postmodernism (late 20th century)"
      ],
      "key_concepts": [
        "Composition",
        "Color theory",
        "Perspective",
        "Form and space",
        "Light and shadow",
        "Texture",
        "Balance",
        "Symbolism"
      ],
      "influential_artists": [
        "Leonardo da Vinci",
        "Michelangelo",
        "Rembrandt",
        "Claude Monet",
        "Vincent van Gogh",
        "Pablo Picasso",
        "Frida Kahlo",
        "Andy Warhol"
      ]
    },
    "literature": {
      "definition": "Written works, especially those considered of superior or lasting artistic merit.",
      "major_forms": [
        "Poetry",
        "Drama",
        "Fiction (novels, short stories)",
        "Non-fiction",
        "Essays",
        "Memoirs",
        "Folklore and mythology"
      ],
      "historical_movements": [
        "Classical literature",
        "Medieval literature",
        "Renaissance literature",
        "Romanticism",
        "Realism and Naturalism",
        "Modernism",
        "Postmodernism",
        "Contemporary literature"
      ],
      "key_elements": [
        "Narrative structure",
        "Character development",
        "Setting",
        "Theme",
        "Style and tone",
        "Symbolism and motifs",
        "Point of view",
        "Genre conventions"
      ],
      "influential_authors": [
        "Homer",
        "William Shakespeare",
        "Jane Austen",
        "Fyodor Dostoevsky",
        "Virginia Woolf",
        "Gabriel García Márquez",
        "Toni Morrison",
        "Haruki Murakami"
      ]
    },
    "music": {
      "definition": "The art of arranging sounds in time to produce a composition through the elements of melody, harmony, rhythm, and timbre.",
      "major_forms": [
        "Classical",
        "Folk",
        "Jazz",
        "Rock",
        "Pop",
        "Electronic",
        "Hip-hop",
        "World music"
      ],
      "historical_periods": [
        "Medieval (500-1400)",
        "Renaissance (1400-1600)",
        "Baroque (1600-1750)",
        "Classical (1750-1820)",
        "Romantic (1820-1900)",
        "Modernist (1900-1960)",
        "Contemporary (1960-present)"
      ],
      "key_elements": [
        "Melody",
        "Harmony",
        "Rhythm",
        "Timbre",
        "Texture",
        "Form",
        "Dynamics",
        "Expression"
      ],
      "influential_composers_musicians": [
        "Johann Sebastian Bach",
        "Wolfgang Amadeus Mozart",
        "Ludwig van Beethoven",
        "Louis Armstrong",
        "The Beatles",
        "Miles Davis",
        "Aretha Franklin",
        "Yo-Yo Ma"
      ]
    },
    "performing_arts": {
      "definition": "Forms of creative activity that are performed in front of an audience, such as drama, music, and dance.",
      "major_forms": [
        "Theater",
        "Dance",
        "Opera",
        "Musical theater",
        "Puppetry",
        "Circus arts",
        "Performance art",
        "Spoken word"
      ],
      "historical_developments": [
        "Ancient Greek theater",
        "Medieval mystery plays",
        "Commedia dell'arte",
        "Classical ballet",
        "Modern dance",
        "Experimental theater",
        "Digital performance"
      ],
      "key_elements": [
        "Actor/performer",
        "Script/choreography",
        "Direction",
        "Stage design",
        "Lighting",
        "Costumes",
        "Sound",
        "Audience interaction"
      ],
      "influential_figures": [
        "Konstantin Stanislavski",
        "Martha Graham",
        "Bertolt Brecht",
        "Alvin Ailey",
        "Pina Bausch",
        "Peter Brook",
        "Marina Abramović",
        "Lin-Manuel Miranda"
      ]
    },
    "architecture": {
      "definition": "The art and science of designing and constructing buildings and other physical structures.",
      "major_styles": [
        "Classical",
        "Romanesque",
        "Gothic",
        "Renaissance",
        "Baroque",
        "Neoclassical",
        "Modern",
        "Postmodern",
        "Contemporary"
      ],
      "key_concepts": [
        "Form and function",
        "Space and volume",
        "Structure and materials",
        "Light and shadow",
        "Scale and proportion",
        "Ornament and decoration",
        "Context and site",
        "Sustainability"
      ],
      "historical_developments": [
        "Ancient monumental architecture",
        "Medieval cathedrals",
        "Renaissance innovations",
        "Industrial Revolution impacts",
        "Modernist minimalism",
        "Postmodern experimentation",
        "Digital design",
        "Sustainable architecture"
      ],
      "influential_architects": [
        "Vitruvius",
        "Filippo Brunelleschi",
        "Antoni Gaudí",
        "Frank Lloyd Wright",
        "Le Corbusier",
        "Louis Kahn",
        "Zaha Hadid",
        "Bjarke Ingels"
      ]
    },
    "digital_and_new_media_arts": {
      "definition": "Art forms that utilize digital technology as an essential part of the creative or presentation process.",
      "major_forms": [
        "Digital painting and illustration",
        "3D modeling and animation",
        "Video art",
        "Virtual reality experiences",
        "Interactive installations",
        "Net art",
        "Generative art",
        "AI art"
      ],
      "key_concepts": [
        "Interactivity",
        "Virtuality",
        "Connectivity",
        "Procedural generation",
        "Multimedia integration",
        "Immersion",
        "Algorithm-based creativity",
        "User participation"
      ],
      "historical_developments": [
        "Early computer art (1960s)",
        "Video art emergence (1970s)",
        "Digital imaging (1980s)",
        "Internet art (1990s)",
        "Virtual environments (2000s)",
        "Mobile media art (2010s)",
        "AI-assisted creation (2020s)"
      ],
      "influential_artists": [
        "Nam June Paik",
        "Lillian Schwartz",
        "Bill Viola",
        "Stelarc",
        "teamLab",
        "Rafael Lozano-Hemmer",
        "Refik Anadol",
        "Sofia Crespo"
      ]
    }
  },
  "cross_domain_concepts": [
    "Aesthetics and beauty",
    "Creative process",
    "Cultural context",
    "Artistic interpretation",
    "Art criticism methodologies"
  ]
}
