{
  "name": "History",
  "overview": "The study of past events, particularly human affairs, based on documents, artifacts, and other sources of evidence. History examines continuity and change over time and space.",
  "version": "1.0",
  "lastUpdated": "2023-08-15",
  "topics": {
    "ancient_civilizations": {
      "definition": "Early complex societies that developed sophisticated social structures, technologies, and cultural practices.",
      "major_civilizations": [
        "Mesopotamia (3500-500 BCE)",
        "Ancient Egypt (3100-30 BCE)",
        "Indus Valley (2600-1900 BCE)",
        "Ancient China (1600 BCE-220 CE)",
        "Ancient Greece (800-146 BCE)",
        "Roman Empire (27 BCE-476 CE)",
        "Maya (2000 BCE-1697 CE)",
        "Inca (1438-1533 CE)"
      ],
      "key_developments": [
        "Writing systems",
        "Urban planning",
        "Monumental architecture",
        "Legal codes",
        "Early sciences",
        "Religious systems",
        "Trade networks"
      ],
      "historical_significance": "Ancient civilizations established foundational concepts in governance, science, engineering, arts, and philosophy that continue to influence modern society."
    },
    "middle_ages": {
      "definition": "The period in European history spanning approximately 500-1500 CE, from the fall of the Western Roman Empire to the beginning of the Renaissance.",
      "major_periods": [
        "Early Middle Ages (500-1000 CE)",
        "High Middle Ages (1000-1300 CE)",
        "Late Middle Ages (1300-1500 CE)"
      ],
      "key_developments": [
        "Feudal system",
        "Manorialism",
        "Rise of Christianity and Islam",
        "Universities",
        "Gothic architecture",
        "Crusades",
        "Black Death pandemic"
      ],
      "concurrent_global_developments": [
        "Islamic Golden Age",
        "Tang and Song Dynasties in China",
        "Delhi Sultanate in India",
        "Mali Empire in Africa",
        "Mesoamerican civilizations"
      ],
      "historical_significance": "The Middle Ages saw crucial developments in governance, technology, education, and religious institutions while facilitating cultural exchange through trade networks."
    },
    "renaissance_and_enlightenment": {
      "definition": "Intellectual and cultural movements in Europe from approximately 1300-1800 CE that emphasized human potential and rational thought.",
      "renaissance_features": [
        "Revival of classical learning",
        "Humanism",
        "Artistic innovations",
        "Scientific revolution",
        "Expansion of printing",
        "Age of Exploration"
      ],
      "enlightenment_features": [
        "Empiricism and rationalism",
        "Social contract theory",
        "Religious tolerance",
        "Scientific method",
        "Constitutional governance"
      ],
      "key_figures": [
        "Leonardo da Vinci",
        "Michelangelo",
        "Nicolaus Copernicus",
        "Johannes Kepler",
        "Galileo Galilei",
        "John Locke",
        "Voltaire",
        "Immanuel Kant"
      ],
      "historical_significance": "These movements fundamentally reshaped European and ultimately global conceptions of art, science, religion, and governance, laying groundwork for modern political systems and scientific inquiry."
    },
    "industrial_revolution": {
      "definition": "The transition to new manufacturing processes in Europe and the United States, from approximately 1760 to 1840.",
      "phases": [
        "First Industrial Revolution (1760-1840): Steam power, textiles, iron",
        "Second Industrial Revolution (1870-1914): Electricity, chemicals, petroleum",
        "Third Industrial Revolution (1969-2000s): Digital technology, automation",
        "Fourth Industrial Revolution (Current): AI, IoT, genetic engineering"
      ],
      "key_innovations": [
        "Steam engine",
        "Power loom",
        "Bessemer process",
        "Interchangeable parts",
        "Telegraph and telephone",
        "Assembly line production",
        "Synthetic materials"
      ],
      "social_impacts": [
        "Urbanization",
        "Rise of factory system",
        "Labor movements",
        "Middle class expansion",
        "Public education",
        "Environmental changes",
        "New social theories"
      ],
      "historical_significance": "The Industrial Revolution transformed economic systems, social structures, and everyday life while dramatically increasing productive capacity and global interconnectedness."
    },
    "world_wars": {
      "definition": "Two global conflicts in the first half of the 20th century that reshaped international relations, technological development, and social structures.",
      "world_war_i": {
        "timeframe": "1914-1918",
        "major_combatants": [
          "Allied Powers (Britain, France, Russia, Italy, United States)",
          "Central Powers (Germany, Austria-Hungary, Ottoman Empire, Bulgaria)"
        ],
        "causes": [
          "Militarism",
          "Alliances",
          "Imperialism",
          "Nationalism",
          "Assassination of Archduke Franz Ferdinand"
        ],
        "consequences": [
          "Fall of four empires",
          "Treaty of Versailles",
          "League of Nations",
          "Redrawing of national boundaries",
          "Russian Revolution"
        ]
      },
      "world_war_ii": {
        "timeframe": "1939-1945",
        "major_combatants": [
          "Allied Powers (Britain, France, Soviet Union, United States, China)",
          "Axis Powers (Germany, Italy, Japan)"
        ],
        "causes": [
          "Unresolved tensions from WWI",
          "Great Depression",
          "Rise of fascism and militarism",
          "Failure of appeasement",
          "German invasion of Poland"
        ],
        "consequences": [
          "United Nations",
          "Cold War",
          "Decolonization",
          "Nuclear weapons",
          "International human rights framework"
        ]
      },
      "historical_significance": "The World Wars transformed global power structures, accelerated technological development, established new international institutions, and reshaped societal norms and expectations."
    },
    "cold_war": {
      "definition": "A period of geopolitical tension between the Soviet Union and the United States and their respective allies from approximately 1947 to 1991.",
      "major_phases": [
        "Early Cold War (1947-1953)",
        "Escalation and Crises (1953-1962)",
        "Détente (1962-1979)",
        "Second Cold War (1979-1985)",
        "End of Cold War (1985-1991)"
      ],
      "key_events": [
        "Truman Doctrine and Marshall Plan",
        "Formation of NATO and Warsaw Pact",
        "Berlin Blockade and Airlift",
        "Korean War",
        "Cuban Missile Crisis",
        "Vietnam War",
        "Soviet-Afghan War",
        "Fall of Berlin Wall",
        "Dissolution of Soviet Union"
      ],
      "global_impact": [
        "Nuclear arms race",
        "Space race",
        "Proxy wars",
        "Decolonization",
        "Non-Aligned Movement",
        "Military-industrial complexes",
        "Technological developments"
      ],
      "historical_significance": "The Cold War shaped international relations, domestic politics, and cultural development worldwide while establishing competing ideological and economic systems."
    }
  },
  "cross_domain_concepts": [
    "Historical methodology",
    "Periodization debates",
    "Historical causation",
    "Primary vs. secondary sources",
    "Historical interpretation and bias"
  ]
}
