{
  "name": "Science",
  "overview": "The intellectual and practical activity encompassing the systematic study of the structure and behavior of the physical and natural world through observation and experiment.",
  "version": "1.0",
  "lastUpdated": "2023-08-15",
  "topics": {
    "physics": {
      "definition": "The study of matter, energy, and the interaction between them.",
      "branches": [
        "Classical Mechanics",
        "Quantum Mechanics",
        "Electromagnetism",
        "Thermodynamics",
        "Relativity",
        "Nuclear Physics",
        "Particle Physics",
        "Astrophysics"
      ],
      "key_concepts": [
        "Force and motion",
        "Energy conservation",
        "Waves and fields",
        "Quantum phenomena",
        "Spacetime curvature"
      ],
      "important_figures": [
        "Isaac Newton",
        "Albert Einstein",
        "Niels Bohr",
        "Marie Curie",
        "Richard Feynman"
      ]
    },
    "chemistry": {
      "definition": "The study of the composition, structure, properties, and change of matter.",
      "branches": [
        "Organic Chemistry",
        "Inorganic Chemistry",
        "Physical Chemistry",
        "Analytical Chemistry",
        "Biochemistry"
      ],
      "key_concepts": [
        "Atomic structure",
        "Chemical bonding",
        "Periodic table",
        "Reactions and equations",
        "Thermochemistry"
      ],
      "important_figures": [
        "Antoine Lavoisier",
        "Dmitri Mendeleev",
        "Linus Pauling",
        "Dorothy Hodgkin",
        "Marie Curie"
      ]
    },
    "biology": {
      "definition": "The study of living organisms and their interactions with each other and the environment.",
      "branches": [
        "Molecular Biology",
        "Cell Biology",
        "Genetics",
        "Ecology",
        "Evolutionary Biology",
        "Microbiology",
        "Zoology",
        "Botany"
      ],
      "key_concepts": [
        "Cell theory",
        "Evolution",
        "Heredity",
        "Homeostasis",
        "Biodiversity"
      ],
      "important_figures": [
        "Charles Darwin",
        "Gregor Mendel",
        "Louis Pasteur",
        "Rosalind Franklin",
        "Jane Goodall"
      ]
    },
    "astronomy": {
      "definition": "The study of celestial objects, space, and the physical universe as a whole.",
      "branches": [
        "Planetary Science",
        "Stellar Astronomy",
        "Galactic Astronomy",
        "Cosmology",
        "Astrobiology"
      ],
      "key_concepts": [
        "Celestial mechanics",
        "Stellar evolution",
        "Galaxies and cosmic structure",
        "Big Bang theory",
        "Exoplanets"
      ],
      "important_figures": [
        "Galileo Galilei",
        "Johannes Kepler",
        "Edwin Hubble",
        "Carl Sagan",
        "Vera Rubin"
      ]
    },
    "earth_science": {
      "definition": "The study of the Earth and its atmosphere, oceans, and interior.",
      "branches": [
        "Geology",
        "Meteorology",
        "Oceanography",
        "Climatology",
        "Seismology"
      ],
      "key_concepts": [
        "Plate tectonics",
        "Rock cycle",
        "Water cycle",
        "Climate systems",
        "Natural disasters"
      ],
      "important_figures": [
        "Alfred Wegener",
        "James Hutton",
        "Rachel Carson",
        "Jacques Cousteau",
        "Charles Richter"
      ]
    },
    "scientific_method": {
      "definition": "A systematic approach to research and problem-solving involving observation, hypothesis, experimentation, analysis, and conclusion.",
      "steps": [
        "Observation and question formulation",
        "Background research",
        "Hypothesis development",
        "Experimental design",
        "Data collection",
        "Analysis and interpretation",
        "Conclusion and reporting",
        "Review and replication"
      ],
      "principles": [
        "Empirical evidence",
        "Testability",
        "Reproducibility",
        "Falsifiability",
        "Parsimony (Occam's razor)"
      ],
      "limitations": [
        "Observer bias",
        "Measurement error",
        "Variable control",
        "Ethical constraints",
        "Technological limitations"
      ]
    }
  },
  "cross_domain_concepts": [
    "Systems thinking",
    "Energy transformation",
    "Information theory",
    "Complexity and emergence",
    "Scientific revolution paradigms"
  ]
}
