{
  "name": "Technology",
  "overview": "The application of scientific knowledge for practical purposes, especially in industry. Technology encompasses both tangible tools and machinery as well as intangible methods and processes.",
  "version": "1.0",
  "lastUpdated": "2023-08-15",
  "topics": {
    "artificial_intelligence": {
      "definition": "The simulation of human intelligence in machines programmed to think and learn like humans.",
      "branches": [
        "Machine Learning",
        "Natural Language Processing",
        "Computer Vision",
        "Robotics",
        "Expert Systems",
        "Neural Networks",
        "Reinforcement Learning"
      ],
      "key_concepts": [
        "Algorithms",
        "Training data",
        "Supervised and unsupervised learning",
        "Deep learning",
        "Transfer learning"
      ],
      "important_figures": [
        "Alan Turing",
        "John McCarthy",
        "Marvin Minsky",
        "Geoffrey Hinton",
        "Yann LeCun"
      ],
      "current_trends": [
        "Large language models",
        "Explainable AI",
        "AI ethics",
        "Multimodal systems",
        "AI for scientific discovery"
      ]
    },
    "computer_science": {
      "definition": "The study of computers and computational systems, including both theoretical and practical aspects.",
      "branches": [
        "Algorithms and Data Structures",
        "Programming Languages",
        "Computer Architecture",
        "Operating Systems",
        "Networks and Communications",
        "Database Systems",
        "Software Engineering",
        "Cybersecurity"
      ],
      "key_concepts": [
        "Computation theory",
        "Complexity analysis",
        "Abstraction",
        "Data management",
        "Software development lifecycle"
      ],
      "important_figures": [
        "Ada Lovelace",
        "Grace Hopper",
        "Alan Turing",
        "John von Neumann",
        "Tim Berners-Lee"
      ],
      "current_trends": [
        "Cloud computing",
        "Quantum computing",
        "Edge computing",
        "Microservices architecture",
        "DevOps practices"
      ]
    },
    "internet_and_web": {
      "definition": "A global network of interconnected computers and the technologies that enable information sharing across this network.",
      "components": [
        "TCP/IP Protocol Suite",
        "Domain Name System (DNS)",
        "Web browsers and servers",
        "HTTP/HTTPS protocols",
        "Content delivery networks"
      ],
      "key_concepts": [
        "Client-server model",
        "Packet switching",
        "Web standards",
        "Search engines",
        "Social media platforms"
      ],
      "important_developments": [
        "ARPANET (1969)",
        "World Wide Web (1989)",
        "Commercial Internet (1995)",
        "Web 2.0 (2004)",
        "Mobile Internet (2007)"
      ],
      "current_trends": [
        "Progressive web applications",
        "WebAssembly",
        "Decentralized web (Web3)",
        "Internet of Things integration",
        "Edge computing"
      ]
    },
    "mobile_technology": {
      "definition": "Technologies related to portable devices that provide computing and communication capabilities.",
      "devices": [
        "Smartphones",
        "Tablets",
        "Wearables",
        "Smart watches",
        "Portable medical devices"
      ],
      "key_technologies": [
        "Cellular networks (3G, 4G, 5G)",
        "Mobile operating systems",
        "App ecosystems",
        "Mobile sensors",
        "Battery technology"
      ],
      "impact_areas": [
        "Communication",
        "Commerce",
        "Healthcare",
        "Education",
        "Entertainment"
      ],
      "current_trends": [
        "Foldable displays",
        "Augmented reality integration",
        "Voice interfaces",
        "Ultra-fast charging",
        "Integrated biometric security"
      ]
    },
    "cybersecurity": {
      "definition": "The practice of protecting systems, networks, and programs from digital attacks and unauthorized access.",
      "fields": [
        "Network Security",
        "Application Security",
        "Information Security",
        "Operational Security",
        "Disaster Recovery"
      ],
      "key_concepts": [
        "Encryption",
        "Authentication",
        "Authorization",
        "Vulnerability assessment",
        "Incident response"
      ],
      "threat_types": [
        "Malware",
        "Phishing",
        "Man-in-the-middle attacks",
        "Denial-of-service attacks",
        "Social engineering"
      ],
      "current_trends": [
        "Zero trust architecture",
        "AI-powered threat detection",
        "Security automation",
        "Quantum cryptography",
        "Supply chain security"
      ]
    },
    "software_development": {
      "definition": "The process of conceiving, specifying, designing, programming, documenting, testing, and maintaining software applications.",
      "methodologies": [
        "Waterfall",
        "Agile (Scrum, Kanban)",
        "DevOps",
        "Extreme Programming",
        "Lean Software Development"
      ],
      "key_concepts": [
        "Version control",
        "Continuous integration/deployment",
        "Testing strategies",
        "Documentation",
        "Code quality"
      ],
      "languages_and_frameworks": [
        "JavaScript/TypeScript ecosystem",
        "Python ecosystem",
        "Java ecosystem",
        "C/C++ ecosystem",
        "Rust ecosystem"
      ],
      "current_trends": [
        "Low-code/no-code platforms",
        "Infrastructure as code",
        "AI-assisted coding",
        "Containerization",
        "Microservices architecture"
      ]
    }
  },
  "cross_domain_concepts": [
    "Digital transformation",
    "Human-computer interaction",
    "Technological ethics",
    "Innovation cycles",
    "Digital divide considerations"
  ]
}
