{
  "version": "1.0",
  "system": {
    "name": "Minnie",
    "description": "Self-contained AI system with embedded cognitive processing"
  },
  "cognitive": {
    "contextWindowSize": 10.0,
    "priorityRetention": 0.7,
    "evaluationThreshold": 0.6,
    "subliminality": 0.3,
    "perspectiveProximity": 0.8,
    "conversationComplexity": 0.5,
    "userResponsiveness": 0.5
  },
  "knowledge": {},
  "conversations": [],
  "ghostFiles": [],
  "functions": {
    "cognitive": {
      "initializeCognitive": "function() { /* Initialize cognitive system */ }",
      "processCognitiveInput": "function(input) { /* Process input through cognitive framework */ }",
      "addToContextWindow": "function(input) { /* Add input to context window */ }",
      "calculateInputParameters": "function(input) { /* Calculate input parameters */ }",
      "applyPriorityRetention": "function(input, priorityValue) { /* Apply priority retention */ }",
      "applyEvaluationDecisional": "function(input, threshold) { /* Apply evaluation decisional */ }",
      "applySubconsciousFilter": "function(input, strength) { /* Apply subconscious filter */ }",
      "detectSubliminalPatterns": "function(input) { /* Detect subliminal patterns */ }",
      "applyPerspectiveProximity": "function(input, context) { /* Apply perspective proximity */ }",
      "updateCognitiveParameters": "function() { /* Update cognitive parameters */ }",
      "calculateConversationComplexity": "function() { /* Calculate conversation complexity */ }",
      "calculateUserResponsiveness": "function() { /* Calculate user responsiveness */ }"
    },
    "compression": {
      "compressData": "function(data, level) { /* Compress data */ }",
      "decompressData": "function(compressed, level) { /* Decompress data */ }",
      "isCompressed": "function(data) { /* Check if data is compressed */ }",
      "generateCacheKey": "function(data) { /* Generate cache key */ }",
      "pruneCache": "function() { /* Prune cache */ }",
      "compressAndStoreFile": "function(key, data) { /* Compress and store file */ }",
      "retrieveAndDecompressFile": "function(key) { /* Retrieve and decompress file */ }"
    },
    "knowledge": {
      "loadDomain": "function(domainName) { /* Load knowledge domain */ }",
      "getKnowledge": "function(domainName, topic) { /* Get knowledge */ }",
      "getAvailableDomains": "function() { /* Get available domains */ }",
      "purgeOldKnowledge": "function() { /* Purge old knowledge */ }"
    },
    "voice": {
      "startVoiceRecognition": "function() { /* Start voice recognition */ }",
      "stopVoiceRecognition": "function() { /* Stop voice recognition */ }",
      "processVoiceCommand": "function(transcript) { /* Process voice command */ }"
    },
    "screen": {
      "updateScreenContext": "function() { /* Update screen context */ }",
      "handleScreenResize": "function() { /* Handle screen resize */ }",
      "handleScreenScroll": "function() { /* Handle screen scroll */ }",
      "handleMouseMovement": "function(event) { /* Handle mouse movement */ }",
      "handleUserInteraction": "function() { /* Handle user interaction */ }",
      "adaptInterfaceToScreen": "function() { /* Adapt interface to screen */ }"
    },
    "system": {
      "initializeSystem": "function() { /* Initialize system */ }",
      "handleUserInput": "function() { /* Handle user input */ }",
      "processInput": "function(text) { /* Process input */ }",
      "generateResponse": "function(input) { /* Generate response */ }",
      "createGhostFile": "function(content) { /* Create ghost file */ }",
      "cleanupGhostFiles": "function() { /* Cleanup ghost files */ }"
    }
  }
}
