{
  "domain": "science",
  "version": "1.0",
  "description": "General scientific knowledge",
  "categories": {
    "physics": {
      "topics": {
        "mechanics": {
          "title": "Classical Mechanics",
          "content": "The study of the motion of bodies under the influence of forces.",
          "subtopics": [
            "Newton's Laws",
            "Work and Energy",
            "Momentum",
            "Rotational Motion"
          ]
        },
        "thermodynamics": {
          "title": "Thermodynamics",
          "content": "The branch of physics that deals with heat and temperature and their relation to energy and work.",
          "subtopics": [
            "Laws of Thermodynamics",
            "Entropy",
            "Heat Transfer",
            "Thermal Equilibrium"
          ]
        },
        "electromagnetism": {
          "title": "Electromagnetism",
          "content": "The study of the electromagnetic force, one of the four fundamental forces of nature.",
          "subtopics": [
            "Electric Fields",
            "Magnetic Fields",
            "Maxwell's Equations",
            "Electromagnetic Waves"
          ]
        }
      }
    },
    "chemistry": {
      "topics": {
        "organic": {
          "title": "Organic Chemistry",
          "content": "The study of the structure, properties, and reactions of organic compounds.",
          "subtopics": [
            "Hydrocarbons",
            "Functional Groups",
            "Reaction Mechanisms",
            "Stereochemistry"
          ]
        },
        "inorganic": {
          "title": "Inorganic Chemistry",
          "content": "The study of the synthesis and behavior of inorganic and organometallic compounds.",
          "subtopics": [
            "Coordination Compounds",
            "Transition Metals",
            "Main Group Elements",
            "Solid State Chemistry"
          ]
        },
        "analytical": {
          "title": "Analytical Chemistry",
          "content": "The study of the separation, identification, and quantification of the chemical components of materials.",
          "subtopics": [
            "Spectroscopy",
            "Chromatography",
            "Mass Spectrometry",
            "Electrochemical Methods"
          ]
        }
      }
    },
    "biology": {
      "topics": {
        "molecular": {
          "title": "Molecular Biology",
          "content": "The branch of biology that deals with the molecular basis of biological activity.",
          "subtopics": [
            "DNA Structure and Function",
            "Protein Synthesis",
            "Gene Regulation",
            "Molecular Techniques"
          ]
        },
        "cellular": {
          "title": "Cell Biology",
          "content": "The study of the structure and function of cells.",
          "subtopics": [
            "Cell Structure",
            "Cell Division",
            "Cell Signaling",
            "Cell Metabolism"
          ]
        },
        "ecology": {
          "title": "Ecology",
          "content": "The study of how organisms interact with their environment.",
          "subtopics": [
            "Ecosystems",
            "Population Dynamics",
            "Biodiversity",
            "Conservation Biology"
          ]
        }
      }
    }
  }
}
